CREATE TABLE DEPOSIT
(
    ACTNO INT,
    CNAME VARCHAR(50),
    BNAME VARCHAR(50),
    AMOUNT DECIMAL(8,2),
    ADATE DATETIME
);

CREATE TABLE BRANCH
(
    BNAME VARCHAR(50),
    CITY VARCHAR(50)
);

CREATE TABLE CUSTOMERS
(
    CNAME VARCHAR(50),
    CITY VARCHAR(50)
);

CREATE TABLE BORROW
(
    LOANNO INT,
    CNAME VARCHAR(50),
    BNAME VARCHAR(50),
    AMOUNT DECIMAL(8,2)
);

INSERT INTO DEPOSIT
VALUES(101,'ANIL','VRCE',1000,'1-MAR-95'),
      (102,'SUNIL','AJNI',5000,'4-JAN-96'),
      (103,'MEHUL','KAROLBAGH',3500,'17-NOV-95'),
      (104,'MADHURI','CHANDI',1200,'17-DEC-95'),
      (105,'PRMOD','M.G.ROAD',3000,'27-MAR-96'),
      (106,'SANDIP','ANDHERI',2000,'31-MAR-96'),
      (107,'SHIVANI','VIRAR',1000,'5-SEP-95'),
      (108,'KRANTI','NEHRU PLACE',5000,'2-JUL-95'),
      (109,'MINU','POWAI',7000,'10-AUG-95');

INSERT INTO BRANCH
VALUES('VRCE','NAGPUR'),
      ('AJNI','NAGPUR'),
      ('KAROLBAGH','DELHI'),
      ('CHANDI','DELHI'),
      ('DHARAMPETH','NAGPUR'),
      ('M.G.ROAD','BANGLORE'),
      ('ANDHERI','BOMBAY'),
      ('VIRAR','BOMBAY'),
      ('NEHRU PLACE','DELHI'),
      ('POWAI','BOMBAY');

INSERT INTO CUSTOMERS
VALUES('ANIL','CALCUTTA'),
      ('SUNIL','DELHI'),
      ('MEHUL','BARODA'),
      ('MANDAR','PATNA'),
      ('MADHURI','NAGPUR'),
      ('PRAMOD','NAGPUR'),
      ('SANDIP','SURAT'),
      ('SHIVANI','BOMBAY'),
      ('KRANTI','BOMBAY'),
      ('NAREN','BOMBAY');

INSERT INTO BORROW
VALUES(201,'ANIL','VRCE',1000),
      (206,'MEHUL','AJNI',5000),
      (311,'SUNIL','DHARAMPETH',3000),
      (321,'MADHURI','ANDHERI',2000),
      (375,'PRMOD','VIRAR',8000),
      (481,'KRANTI','NEHRU PLACE',3000);

SELECT * FROM DEPOSIT;
SELECT * FROM BORROW;
SELECT * FROM CUSTOMERS;
SELECT ACTNO,CNAME,AMOUNT FROM DEPOSIT;
SELECT LOANNO,AMOUNT FROM BORROW;
SELECT * FROM BORROW WHERE BNAME='ANDHERI';
SELECT ACTNO,AMOUNT FROM DEPOSIT WHERE ACTNO=106;
SELECT CNAME FROM BORROW WHERE AMOUNT>5000;
SELECT CNAME FROM DEPOSIT WHERE ADATE>'1-DEC-96';
SELECT CNAME FROM DEPOSIT WHERE ACTNO<105;
SELECT CNAME FROM CUSTOMERS WHERE CITY='NAGPUR'OR CITY='DELHI';
SELECT CNAME FROM DEPOSIT WHERE AMOUNT>4000 AND ACTNO<105;
SELECT * FROM BORROW WHERE AMOUNT>=3000 AND AMOUNT<=8000;  
SELECT * FROM DEPOSIT WHERE BNAME!='ANDHERI';
SELECT ACTNO,CNAME,AMOUNT FROM DEPOSIT WHERE BNAME IN('AJNI','KAROLBAGH','M.G.ROAD')AND ACTNO<=104;
SELECT TOP 5 * FROM CUSTOMERS;
SELECT TOP 3 * FROM DEPOSIT WHERE AMOUNT>1000;
SELECT TOP 5 LOANNO,CNAME FROM BORROW WHERE BNAME!='ANDHERI';
SELECT DISTINCT CITY FROM CUSTOMERS;
SELECT DISTINCT BNAME FROM BRANCH;
SELECT * FROM CUSTOMERS ORDER BY CITY;
SELECT * FROM DEPOSIT ORDER BY AMOUNT DESC;
UPDATE DEPOSIT SET AMOUNT=5000 WHERE AMOUNT=3000;
UPDATE BORROW SET BNAME='C.G.ROAD'WHERE CNAME='ANIL';
UPDATE DEPOSIT SET ACTNO=111,AMOUNT=5000 WHERE CNAME='SANDIP';
UPDATE BORROW SET AMOUNT=AMOUNT+AMOUNT/10 ;
UPDATE DEPOSIT SET AMOUNT=5000 WHERE ACTNO BETWEEN 103 AND 107;
UPDATE BORROW SET AMOUNT=NULL WHERE LOANNO=321;
SELECT CNAME FROM BORROW WHERE AMOUNT IS NULL ;